-- Crear categorías
INSERT INTO Categoria (id, nombre) VALUES (1, 'MELEE');
INSERT INTO Categoria (id, nombre) VALUES (2, 'DISTANCIA');
INSERT INTO Categoria (id, nombre) VALUES (3, 'CUERO');
INSERT INTO Categoria (id, nombre) VALUES (4, 'METAL');
INSERT INTO Categoria (id, nombre) VALUES (5, 'OTROS');

INSERT INTO Producto (nombre, descripcion, stock, precio, imagen, categoria_id) VALUES ('Espada de la Aurora', 'Una espada adornada con gemas relucientes que emanan un brillo etéreo.', 5, 150.90, 'https://mortisdraco.com/wp-content/uploads/2019/11/442533.jpg', 1);
INSERT INTO Producto (nombre, descripcion, stock, precio, imagen, categoria_id) VALUES ('Hoja de la Oscuridad', 'Una espada negra con una hoja afilada que parece absorber la luz.', 8, 120.90, 'https://mortisdraco.com/wp-content/uploads/2019/11/442527.jpg', 1);
INSERT INTO Producto (nombre, descripcion, stock, precio, imagen, categoria_id) VALUES ('Espada del Viento', 'Una espada ligera y elegante que corta con la fuerza del viento mismo.', 10, 100.90, 'https://mortisdraco.com/wp-content/uploads/2024/01/402004.jpg', 1);
INSERT INTO Producto (nombre, descripcion, stock, precio, imagen, categoria_id) VALUES ('Filo del Crepúsculo', 'Una espada con un brillo dorado que parece fusionarse con el atardecer.', 3, 180.90, 'https://mortisdraco.com/wp-content/uploads/2019/11/442507.jpg', 1);
INSERT INTO Producto (nombre, descripcion, stock, precio, imagen, categoria_id) VALUES ('Espada del Rey Dragón', 'Forjada con escamas de dragón, esta espada emana un fuego eterno.', 2, 250.90, 'https://mortisdraco.com/wp-content/uploads/2020/05/452505-1.jpg', 1);
INSERT INTO Producto (nombre, descripcion, stock, precio, imagen, categoria_id) VALUES ('Espada de la Tormenta', 'Una espada con una hoja que centellea con la energía de una tormenta.', 6, 135.90, 'https://mortisdraco.com/wp-content/uploads/2023/12/30880250-01.jpg', 1);
INSERT INTO Producto (nombre, descripcion, stock, precio, imagen, categoria_id) VALUES ('Hoja del Destino', 'Una espada mítica cuya hoja refleja el destino de quien la empuña.', 4, 200.90, 'https://mortisdraco.com/wp-content/uploads/2022/08/eirikir-1.jpg', 1);
INSERT INTO Producto (nombre, descripcion, stock, precio, imagen, categoria_id) VALUES ('Espada de Cristal', 'Una espada translúcida que parece esculpida en hielo sólido.', 7, 110.90, 'https://mortisdraco.com/wp-content/uploads/2019/11/442422.jpg', 1);
INSERT INTO Producto (nombre, descripcion, stock, precio, imagen, categoria_id) VALUES ('Espada del Guerrero Errante', 'Forjada en los campos de batalla, esta espada ha probado su valía una y otra vez.', 9, 90.90, 'https://mortisdraco.com/wp-content/uploads/2019/10/Espada-%C3%89lfica-Epic-1.jpg', 1);
INSERT INTO Producto (nombre, descripcion, stock, precio, imagen, categoria_id) VALUES ('Espada de la Llamarada', 'Una espada con una hoja ardiente que consume todo a su paso.', 3, 175.90, 'https://mortisdraco.com/wp-content/uploads/2023/06/espada-dualist-01.jpg', 1);
INSERT INTO Producto (nombre, descripcion, stock, precio, imagen, categoria_id) VALUES ('Hoja de la Luna', 'Una espada con una hoja plateada que brilla con la luz de la luna llena.', 6, 130.90, 'https://mortisdraco.com/wp-content/uploads/2019/10/442440.jpg', 1);
INSERT INTO Producto (nombre, descripcion, stock, precio, imagen, categoria_id) VALUES ('Espada del Guardián', 'Forjada para proteger los reinos, esta espada es un símbolo de honor y deber.', 5, 160.90, 'https://mortisdraco.com/wp-content/uploads/2019/10/442421-1.jpg', 1);
INSERT INTO Producto (nombre, descripcion, stock, precio, imagen, categoria_id) VALUES ('Arco de la Luna', 'Un arco hecho de madera de roble blanco, con incrustaciones de plata que brillan con la luz de la luna.', 5, 180.50, 'https://mortisdraco.com/wp-content/uploads/2019/10/idv-04001-1.jpg', 2);
INSERT INTO Producto (nombre, descripcion, stock, precio, imagen, categoria_id) VALUES ('Arco de la Aurora', 'Un arco tallado con motivos de auroras boreales, que parece capturar la energía de las luces del norte.', 8, 210.75, 'https://mortisdraco.com/wp-content/uploads/2019/10/987029-Nomadenbogen-mit-Sehne-gross.jpg', 2);
INSERT INTO Producto (nombre, descripcion, stock, precio, imagen, categoria_id) VALUES ('Arco del Bosque Profundo', 'Un arco de aspecto rústico, hecho de madera de haya oscura y adornado con hojas entrelazadas.', 10, 150.25, 'https://mortisdraco.com/wp-content/uploads/2020/01/HU703411.jpg', 2);
INSERT INTO Producto (nombre, descripcion, stock, precio, imagen, categoria_id) VALUES ('Arco del Cazador', 'Un arco ligero y resistente, ideal para largas jornadas de caza en el bosque.', 3, 120.00, 'https://mortisdraco.com/wp-content/uploads/2020/01/HU703459.jpg', 2);
INSERT INTO Producto (nombre, descripcion, stock, precio, imagen, categoria_id) VALUES ('Arco de la Estrella Fugaz', 'Un arco adornado con gemas que brillan como estrellas en la noche, otorgando precisión y poder.', 2, 300.00, 'https://mortisdraco.com/wp-content/uploads/2019/10/hu703401-1.jpg', 2);
INSERT INTO Producto (nombre, descripcion, stock, precio, imagen, categoria_id) VALUES ('Arco del Valle Verde', 'Un arco de diseño elegante, con detalles de hojas y flores que evocan la exuberancia de la naturaleza.', 7, 190.90, 'https://mortisdraco.com/wp-content/uploads/2020/01/hu703452.jpg', 2);
INSERT INTO Producto (nombre, descripcion, stock, precio, imagen, categoria_id) VALUES ('Arco de la Sombra Nocturna', 'Un arco negro como la noche, cuya flecha se pierde en la oscuridad sin dejar rastro.', 4, 260.30, 'https://mortisdraco.com/wp-content/uploads/2019/10/971299-Pendragon-Langbogen.jpg', 2);
INSERT INTO Producto (nombre, descripcion, stock, precio, imagen, categoria_id) VALUES ('Arco del Maestro Arquero', 'Un arco de calidad excepcional, utilizado por los maestros arqueros más hábiles en combate.', 6, 320.50, 'https://mortisdraco.com/wp-content/uploads/2019/10/HU703410.jpg', 2);
INSERT INTO Producto (nombre, descripcion, stock, precio, imagen, categoria_id) VALUES ('Arco del Viento Silencioso', 'Un arco ligero y flexible, que permite disparar flechas con una precisión casi sobrenatural.', 9, 180.75, 'https://mortisdraco.com/wp-content/uploads/2019/10/987030-Nomadenbogen-mit-Sehne-klein.jpg', 2);
INSERT INTO Producto (nombre, descripcion, stock, precio, imagen, categoria_id) VALUES ('Arco del Alba Dorada', 'Un arco dorado que brilla con la primera luz del amanecer, otorgando esperanza a quienes lo empuñan.', 12, 240.60, 'https://mortisdraco.com/wp-content/uploads/2019/10/Koppany-Reiterbogen.jpg', 2);
INSERT INTO Producto (nombre, descripcion, stock, precio, imagen, categoria_id) VALUES ('Arco de la Niebla Matinal', 'Un arco envuelto en la neblina de la mañana, que parece desvanecerse en el aire al ser disparado.', 3, 200.25, 'https://mortisdraco.com/wp-content/uploads/2019/10/HU703407.jpg', 2);
INSERT INTO Producto (nombre, descripcion, stock, precio, imagen, categoria_id) VALUES ('Arco del Halcón Veloz', 'Un arco diseñado para la velocidad, que permite disparar múltiples flechas con una rapidez asombrosa.', 11, 280.80, 'https://mortisdraco.com/wp-content/uploads/2019/10/HU703405BL.jpg', 2);
INSERT INTO Producto (nombre, descripcion, stock, precio, imagen, categoria_id) VALUES ('Cuerno para Beber', 'Cada bebida tiene su propio tipo de vaso en el que se debe beber. La hidromiel o aguamiel se toma tradicionalmente en un cuerno.', 12, 14.90, 'https://mortisdraco.com/wp-content/uploads/2019/11/988554-Trinkhorn.jpg', 5);
INSERT INTO Producto (nombre, descripcion, stock, precio, imagen, categoria_id) VALUES ('Bolsa de Cuero Marrón Thor', 'Lleva todas tus pertenencias siempre contigo y no retrases tus asaltos e incursiones por haberte dejado las monedas en casa.', 22, 39.99, 'https://mortisdraco.com/wp-content/uploads/2023/06/Bolsa_cuero_mjolnir_04.jpg', 5);
INSERT INTO Producto (nombre, descripcion, stock, precio, imagen, categoria_id) VALUES ('Dado – D20 – Plata – 8,5 cm', 'El nuevo dado d20 de Epic Armoury es un dado de 20 caras clásico del rol en mesa de 8,5 cm  con acabado metálico.', 7, 12.00, 'https://mortisdraco.com/wp-content/uploads/2021/08/4331010250.jpg', 5);
INSERT INTO Producto (nombre, descripcion, stock, precio, imagen, categoria_id) VALUES ('Bärenfang Honey Schnaps', 'Bärenfang es un licor de miel basado en la receta de Prusia Oriental con un suave aroma y un poderoso acabado.', 27, 12.00, 'https://mortisdraco.com/wp-content/uploads/2019/10/984578-B-renfang-Honig-Schnaps.jpg', 5);
INSERT INTO Producto (nombre, descripcion, stock, precio, imagen, categoria_id) VALUES ('Pechera de Cuero', 'Una pechera resistente hecha de cuero genuino, ideal para proteger el torso en combate.', 8, 180.50, 'https://mortisdraco.com/wp-content/uploads/2019/10/988661-Rasmus-Panzerjacke.jpg', 3);
INSERT INTO Producto (nombre, descripcion, stock, precio, imagen, categoria_id) VALUES ('Pechera de Cuero Reforzado', 'Una pechera de cuero reforzado con placas metálicas, ofreciendo una mayor protección sin sacrificar movilidad.', 8, 210.75, 'https://mortisdraco.com/wp-content/uploads/2019/10/986205-100566SL-Berengar-Ringpanzerjacke-braun-M-L_2.jpg', 3);
INSERT INTO Producto (nombre, descripcion, stock, precio, imagen, categoria_id) VALUES ('Pechera de Cuero Tachonado', 'Una pechera de cuero adornada con tachuelas metálicas, brindando un aspecto intimidante en el campo de batalla.', 8, 150.25, 'https://mortisdraco.com/wp-content/uploads/2019/10/120501-1.jpg', 3);
INSERT INTO Producto (nombre, descripcion, stock, precio, imagen, categoria_id) VALUES ('Pechera de Cuero Oscuro', 'Una pechera de cuero teñido de oscuro, ideal para aquellos que prefieren moverse en las sombras.', 8, 120.00, 'https://mortisdraco.com/wp-content/uploads/2019/10/Osric-R-stung_gr-n_FR_600x600.jpg', 3);
INSERT INTO Producto (nombre, descripcion, stock, precio, imagen, categoria_id) VALUES ('Pechera de Cuero Elegante', 'Una pechera de cuero finamente trabajada, adecuada para guerreros que aprecian la estética tanto como la funcionalidad.', 8, 300.00, 'https://mortisdraco.com/wp-content/uploads/2019/10/971916-osric-lederruestung-braun-collage.jpg', 3);
INSERT INTO Producto (nombre, descripcion, stock, precio, imagen, categoria_id) VALUES ('Pechera de Cuero Adornado', 'Una pechera de cuero decorada con intrincados diseños, destacando la habilidad artesanal de su creador.', 8, 190.90, 'https://mortisdraco.com/wp-content/uploads/2021/04/100527.jpg', 3);
INSERT INTO Producto (nombre, descripcion, stock, precio, imagen, categoria_id) VALUES ('Pechera de Cuero Robusta', 'Una pechera de cuero grueso y resistente, diseñada para soportar los golpes más duros en batalla.', 8, 260.30, 'https://mortisdraco.com/wp-content/uploads/2023/01/0-edekan-armour-brown.jpg', 3);
INSERT INTO Producto (nombre, descripcion, stock, precio, imagen, categoria_id) VALUES ('Pechera de Cuero de Maestro', 'Una pechera de cuero de la más alta calidad, utilizada por los maestros de la guerra en los campos de batalla más exigentes.', 8, 320.50, 'https://mortisdraco.com/wp-content/uploads/2019/10/antonius_lederpanzer_2nd_edition_collage598c12e170701.jpg', 3);
INSERT INTO Producto (nombre, descripcion, stock, precio, imagen, categoria_id) VALUES ('Pechera de Metal', 'Una imponente pechera fabricada en metal, ofreciendo una protección sólida contra ataques directos.', 8, 180.50, 'https://mortisdraco.com/wp-content/uploads/2019/10/Img3897.jpg', 4);
INSERT INTO Producto (nombre, descripcion, stock, precio, imagen, categoria_id) VALUES ('Pechera de Metal Ligero', 'Una pechera fabricada en un metal ligero pero resistente, ideal para quienes buscan protección sin sacrificar movilidad.', 8, 210.75, 'https://mortisdraco.com/wp-content/uploads/2019/11/scale-armour.jpg', 4);
INSERT INTO Producto (nombre, descripcion, stock, precio, imagen, categoria_id) VALUES ('Pechera de Metal Ornamentada', 'Una pechera de metal finamente ornamentada, que combina la protección con el estilo.', 8, 150.25, 'https://mortisdraco.com/wp-content/uploads/2019/10/Img3651.jpg', 4);
INSERT INTO Producto (nombre, descripcion, stock, precio, imagen, categoria_id) VALUES ('Pechera de Metal Negro', 'Una pechera de metal negro, que emite un aura de misterio y poder.', 8, 120.00, 'https://mortisdraco.com/wp-content/uploads/2019/10/Img3645.jpg', 4);
INSERT INTO Producto (nombre, descripcion, stock, precio, imagen, categoria_id) VALUES ('Pechera de Metal Brillante', 'Una pechera de metal pulido que refleja la luz, deslumbrando a los enemigos en combate.', 8, 300.00, 'https://mortisdraco.com/wp-content/uploads/2019/10/Img3631.jpg', 4);
INSERT INTO Producto (nombre, descripcion, stock, precio, imagen, categoria_id) VALUES ('Pechera de Metal Forjado', 'Una pechera de metal forjada con técnicas ancestrales, asegurando una protección duradera.', 8, 190.90, 'https://mortisdraco.com/wp-content/uploads/2019/10/989642-Fafnir-Brigantine.jpg', 4);
INSERT INTO Producto (nombre, descripcion, stock, precio, imagen, categoria_id) VALUES ('Pechera de Metal Resistente', 'Una pechera de metal especialmente resistente, diseñada para soportar embates incluso de los enemigos más poderosos.', 8, 260.30, 'https://mortisdraco.com/wp-content/uploads/2019/10/balthasar_breastplate_bk_fr-Kopie-2_600x600.jpg', 4);
INSERT INTO Producto (nombre, descripcion, stock, precio, imagen, categoria_id) VALUES ('Pechera de Metal de Élite', 'Una pechera de metal de élite, utilizada por los guerreros más valientes y experimentados en las batallas más feroces.', 8, 320.50, 'https://mortisdraco.com/wp-content/uploads/2019/10/200515.jpg', 4);


INSERT INTO Usuario (username, nombre, apellidos, email, password, direccion, tipo) VALUES ('admin', 'Daniel', 'Martinez León', 'danimairena@hotmail.com', '{bcrypt}$2a$10$RlcLSXIvm8VDjEBq19oB7OFEB3sJnxvJETStFrBeHwU1pYc0EGTTa', 'Calle Falsa 123', 'ADMIN');
INSERT INTO Usuario (username, nombre, apellidos, email, password, direccion, tipo) VALUES ('user', 'Luismi', 'Lopez', 'luismi.lopez@triana.salesianos.edu', '{bcrypt}$2a$10$ujGoDBbum85IdrR8Uloix.x7K0MzX2k5/47Ejig8LzH8S7UFGPSvO', 'Calle Falsa 434', 'USER');
INSERT INTO Usuario (username, nombre, apellidos, email, password, direccion, tipo) VALUES ('nlm2000', 'Nydia', 'Lopez', 'nydialopez@gmail.com', '{bcrypt}$2a$10$ujGoDBbum85IdrR8Uloix.x7K0MzX2k5/47Ejig8LzH8S7UFGPSvO', 'Calle Inventada 10', 'USER');